epoch,train_loss_D,train_loss_G,train_loss_G_GAN,train_loss_G_L1,val_loss_L1,d_accuracy,d_train_steps,g_train_steps
1,0.5684168246740178,0.9026603229663831,0.7272067670115286,0.017545355610811917,0.014587302448795282,0.8032142857142858,159,3889
2,0.5738518691577896,0.8876204728375182,0.739480178807995,0.014814029409657654,0.014040299508122089,0.8378571428571429,3,3889
3,0.5494293976133542,0.9702711532725317,0.8049260000929362,0.016534515365806864,0.019591156616628313,0.79975,266,3889
4,0.5223312918187781,0.9260699095165678,0.7802912907540323,0.014577861878408828,0.014890301712437999,0.8127571428571428,78,3889
5,0.5173051035873195,0.9205207171033053,0.7752989688579268,0.014522174786844316,0.014525992926478172,0.8088857142857143,23,3889
